id,phone_sequence
fadg0_si1279,hIwLAJLUarIrDBLMrDwLMwQU
fadg0_si1909,tbLKnFLkuwDBPwJLIwBFBULhHwLmDyPyUQUNlwKr
fadg0_si649,wLMJcQrJtrCDcBbgbLlAwcQvyDwnwLMwywQLHrLHwJwnDrJLHbnbLMtrvrIFBwLABymrKnLH
fadg0_sx109,KyPyJBnLlMwDLJLHrIwEvrsbELABaDcwJLMyLHJBFLH
fadg0_sx19,cBPCwDcDJFQSrLAwDatwDLhytBnDUwyEDE
fadg0_sx199,TcDLKiwnBLkIrDKOmwcQGFaGILmwLAJLHFKrLMwLAwDLMsLzwUJULkwUyUcwnwJ
fadg0_sx289,SncnlkrLHIytLAcBaKwUrLQrnrwTPJtcBnwnDJybmB
fadg0_sx379,HbDLuwLJLMIgImyEBcnUJDUaDLlrUJLMksgU
faks0_si1573,vwUJLAbLlMwncDESFcJLlNwnDcDvnbLurLkwnwDwULhTyQlwtBLhBFPLMJLSrSaIDwDLKbLhy
faks0_si2203,lrIyUJUwDwUJtrlwJLMgLQJyCELutPBwKDeB
faks0_si943,HrIrLkcLAKwDBstaBtaILhcBFBwnLAJLHwnwLMsKwDJ
faks0_sx133,HyLMJrIywUJaILAwDyDTwDLtrwLASwLABGBacDLiKiK
faks0_sx223,HONLlcLhBOcLiAirLhBaLMsLhGFGcwGDBwLurIagaKJ
faks0_sx313,uhIaLtgagagaLzJtaIDJcwDlcLhaLAJLHhctaIyLuFe
faks0_sx403,vrSaILkIcLADJwnJBwQFDBDByJLAarLMJcDLhBgDLJwJUJU
faks0_sx43,bBlrByLHyLHcBaIrIaEtNwDwLAJLABPLkwLk
fcal1_si1403,wScnSsULlbDLkwLlwLHsKwDJgagLAwLABLhSgGgDnwJULCbDbnbtwnJMwLJnBQt
fcal1_si2033,hOLhwLABaBJSBKsDLkwNrIFBSsnbnbJLMGIwBgLlswswJ
fcal1_si773,BwnmFnBaBLHIaLzwnLAJLMIgJBFaBytrJwnQIFLkbsUJU
fcal1_sx143,lwJbDLkwLzwDwnQtrwrULhTyQluBJLAwrlwnswbDBcBF
fcal1_sx233,vgcSswDtIySsCyDlwJsDLNnswbEDC
fcal1_sx323,lwJtgaLHrQnmDnwnwLlnDLtrCDlcIgQwEDEaDLMgC
fcal1_sx413,lbtLDyJLSymwJLDysLmkBcLHSGnGDLJLAuaItLCbLiLMrJLArLM
fcal1_sx53,wsQDwJwCLHBQBwLAbLhTwBwrIyLAwDLMsDJwCLhBU
fcmh0_si1454,cIwLzDBOcFBsysyLlwCsDLMgLiKyTPwULMcSrLQnIywJLAcaCLHcwUwKwnDUJUcQLHcaBynJLMrUJ
fcmh0_si2084,ScmcLhaeabmwLMyIQIsPwCDLkbD
fcmh0_si824,JnQBtrCUnCnLiwDLkgUwEwDUgDLHInLHrsKwDLNIrPtNyLCnbnDTwQtbLKrwU
fcmh0_sx104,vyJLMkanaBFBcLkgDCQLQtrwrClcLhsLur
fcmh0_sx14,hytaINrPrUJULkMwswUJUzwLuUnbCLrLIyQTPBbnbQIytaICDyBc
fcmh0_sx194,lswswDLzGwcSnDgBcLkwKwD
fcmh0_sx284,znbtlcayTyPaILzTPLkwDtNsQrclwJwnDLMwtTPLizLHrLiwJ
fcmh0_sx374,zaDLAByDULKnBtQtNtwKtaIrBwmwED
fdac1_si1474,vgcJLAuyvTcEDCbsbDwvyUJbLhBwQNLCaLkwJLMbsJLJ
fdac1_si2104,vgavgvtyNJNtcagagLsLmkBagJKJLkMwFQcGaBacJsyLbQBgbJLM
fdac1_si844,tlbacgacJLMnbLDwLAFaFBcQtwKwDJUJsysywUwDLisysyQLMLbLlysLAJLHbebDLMJcQbLMicBPOFaFBaBFBsLAJLHwnIrIywnDLMJ
fdac1_sx124,gaLzKwLAJLCsmwQLHTPywPmraILhTwPBmctaB
fdac1_sx214,lncCaDwELukwPwBaDClcncJLHgbgwLkwcSnbLuBwJwnDLkwLwDlwJgDC
fdac1_sx304,iyLHJLMgagLAywsEULCIbabDCBctnbnJLMgDwDQlnbQSLCacDLk
fdac1_sx34,kbeDLkPLibebgbgByUJLMIsmyELkwKwUJ
fdac1_sx394,AeDJywCsLAJLhaegaeFDKJwDLMyNtJLMkIgagaDLU
fdms0_si1218,HcFBcLMJwDCSaIFBQrLNLMcSnBcgvTywCwDLHbKDU
fdms0_si1502,vTwCSwUDkgagwLUbLAByLHbDwLkAQvsLustSsgLMyPQlwLHsgsLAwLDacaLMzwJwLMnr
fdms0_si1848,SyLAwDLkgLMPLSwyLMkvDLkagBgLAIyBLHyLHB
fdms0_sx138,lwLABcncDUwLAnJLCrJLhHwnBUJwcDwLAJLlMwnDJwNtLHrtvTPCP
fdms0_sx228,lwvyTPLHGDLkcFBQLQrwrCBcLtyTwKwD
fdms0_sx318,HByULkwLDcLMwLMsmcncUcncLhwytacIrtIaJLM
fdms0_sx408,vgLkIagIcLlwJcLhSGgLlnbgbvbQcwDLkMwDcQtLisDLU
fdms0_sx48,uIbwDlclreLAIPQvrbLHrwDyDywDLHMHnvDwLAbnLMJU
fdrw0_si1283,lwQwDETwDwKnBLMwLlwDCIQnmyBbLMPIQwmyctaBebLlMwLAsDUQIbLHcBynLMJtcrIJLM
fdrw0_si1423,lhbeLkaDvyLuamcLHLMwOLhBgFececgFB
fdrw0_si653,KPwFBylmwJwUcwrIQIyaBcmySyTaBwLDaeagBwLzJ
fdrw0_sx113,sbDClcJLATPBcnbeLkcCvFcnDLwULuwLktIwTPwrLhbebtLA
fdrw0_sx203,lwLAaUSswbDLlkwLmwLhInBLHBysyLbLlHwKPBcB
fdrw0_sx23,lFULCyPUwKwDLJMaCwDgULCaCQlcBwJBysy
fdrw0_sx293,HByUJLMsLlMwULkrmyLMsLhcLABaLMwLmlwLAIByDwnwUtwCys
fdrw0_sx383,lwLAaLHcLAByDwnKbCLHPDmagaIrwyEbnDcBFIFcaLk
fedw0_si1084,lLlbnLhlsyDESvwELCsLhyLhkctaICsKwnDcLcacaQCDsKsgLtBFBCLBSyLiLbaeaLlwKsLMJyQagat
fedw0_si1653,vsJLHaeLAJwFPlwDBy
fedw0_si1714,vwrcrUJLSIcrlQPBcaLALScDaCFmBytLMnbLhHybsbnD
fedw0_sx184,lsLAbLJLCyTagagBQeBLaBSGsUJUvrwLMJLCgLwyTwrULUkU
fedw0_sx274,ABnNtLSBwcNJPULhaLkFPBQlBcLizizTPwrIwJLDBcJagaLJi
fedw0_sx364,kyLzbnDLMgCDBsyswswbnDLAaeLCBatJLAaFcwDJgLmkwLQCLSwLlwLhIrsLkbDLkDcQsvyLmywEwEDLJwJLMcwCLHvBaFaFawNLkM
fedw0_sx4,zbsbsDCsgLsnrgIgwDCacDCagDyLheSaSarILAwDvaILk
fedw0_sx94,DyaDEuAJLMrwJBacaQLAaCcwcDLAbDLkywJLMIyLMJ
fgjd0_si1179,ScacLiKnbnLlyUwQtnLAJLChy
fgjd0_si549,lsJLHIFLrDUwnDLMwJgUNwLAJnLMrDJlcnQLQhgIsKBLASBbgbJIrDULHyUJUtHBcBy
fgjd0_si818,hFDJnbnDLAaILBwLzLMInDUCwLHMHaIcByLwnDLMwPDLMwPLIrwtBnLMcncBLMrwJcaCDwLAJwLDcBJ
fgjd0_sx189,kwJLMIPIGswsnQIytgeIwcBsmDmwLMPwCgaLkwnDLMJU
fgjd0_sx279,bebBJwUcLDwBcLAMyLzPcSrLAScNbeneLJPOLHrQCQswsKwDwUDnFSrlwy
fgjd0_sx369,haLHsLHrLmuFQwUcBwQywyErPCDwrcBJUJU
fgjd0_sx9,vSnISrTPvSagBeSySrSsnsysy
fgjd0_sx99,CwLkyQBJUwcwJgwmyCSwULHsJLMrDvgraILAyJUJ
fjem0_si1264,klywynDCDJwUaBLkNvIwDPsPLkSwNtJNJBaFaEurJLtNFLAwDQtQrUJSBwQU
fjem0_si1894,gtalnrLInbnbDTwDCBaLtvwPIJwLAJNTywUwLucFB
fjem0_si634,vywrvyTwPwJNLASgbgLtrJLSsyNJwQBylwQrnrIwywCLhamwCnwDmwDCyDwJtDJtBgDlcwJtJ
fjem0_sx184,lwLAbnbLMJNLCbyeaBGwGJNJtvrLUJLCagagyvTwPrUJ
fjem0_sx274,vABwtBwJwyPLNLthgmcBOLAKTwrywJLDlctgagcKUJUJ
fjem0_sx364,lyLzcDLMgwCBywELAcCEBatJLAFcDJtgwLkSwNlcLHIsLkuagvwBwvyQmwEJwJLMPcDCDCLHgr
fjem0_sx4,zuIsysDCsLswrgCaICgDyLhgSaSrLATwCDlcvgagagaI
fjem0_sx94,TcEtJNLNMrUNUBFcQLAaCwDLMAbDLlyncJLMIyLMJ
fjmg0_si1181,HIaLHwBysyvTyULlMwLHInLUwDCLhOcFncLkwLwUwnDnsnLAJBwnLwDULMrCnDLcCQCwDSBagaLCDCn
fjmg0_si1811,HInbnUJUcLDBsTvwULSaIrLhInclrJnLhIntNlMcQJwy
fjmg0_si551,wUwCbcLlrcnQlwDaeabLMwJLMyLigagagaeaBLkwnLMtaBLM
fjmg0_sx101,APDLkrBgaILDUJiKcBFLkIwnDLkwnLArsgLNlnrILABbJKMIsbDCDUJUtIraBQvaBcLkbsgKJUJ
fjmg0_sx11,vySBwFnFcBLBcBgeacacInrwBg
fjmg0_sx191,SywNJLukIaBtaeDybLAvyPyJsKwDJKwDCScncDLMJ
fjmg0_sx281,ASaIywDLMIsKJKLHBbgbgsbLMbLuSwNLhyLiLhaBUtragrJM
fjmg0_sx371,IagLDbybaeCnsDaLhsysyQlwcLhlnbJLMegbeagaCDLtrLhwULDnwJLCaILzrUJUJ
fjsj0_si1484,lnIraBJFaFacaDcwJLMJyLArUnbtLMrLMIsUJ
fjsj0_si2114,JLMsLhHysKwUvnLCDBnLCbLlFULkgJU
fjsj0_si854,wDLNMrwLzwDLMwnLMJKwrUJgULlnrLhwnwDwtwnLMJUJ
fjsj0_sx134,wJUwQrwDLznbDTPrswrLDgULCnDLJLkMcwJLHwnDLkwCgbDCDys
fjsj0_sx224,HvgLuAOnLDJUzTrwLzrnrnDLM
fjsj0_sx314,vwNtLHyLHBFSrCaILznDrcnUJUlNnIQSwLhyDFeFDyLktaIrSnBtsnr
fjsj0_sx404,haILhrLHsLQhIwDByQUwDwcQLhwLhcaDCLQtBbgr
fjsj0_sx44,lbULlcLhaLMcLhChwnDnwmrLMsDmywELELAJLHaIrwLM
fkms0_si1490,HIvbnbLHMJwLSncUIrIrIgLMLHIvbLMJwLScwUJLMzncnJLM
fkms0_si2120,vsLHagcULkMLlnDbnbmwLkLnQrwNwEgcmcwKwLwUcSncLHwcD
fkms0_si860,lwPywUwDLABPwLkLByQJUwQbnbnbLUDJUwUJUJLlFcBwJwULJwcBsenBaBtJ
fkms0_sx140,bnLurLABLkMIcLHIamDcnLAJUaIrcDyQwDByLkwJLMrLhwLmw
fkms0_sx230,cBFeBySsvwrLlcLIsnsgsKDBcBagULQaBFanIrUJ
fkms0_sx320,lwCDwrwcJwDwLuaLkcCsDacaLhyBSwNwDcSatAywEDLkwUJLMDLJ
fkms0_sx410,uInLhgUtInKLCwnBLAyLiSyLkwsysCaIDwE
fkms0_sx50,AbnbmcwJMIatwLcwLcwDacacClwLAcLHhbnLAJLClwLuABnLlcLHBaIr
fmah0_si1289,lctBsDESOwLkvTPUnLNLbnr
fmah0_si1919,snQIwCPQCwKJKyTPwCsJyQCQLQnwDnwJNUDUJNwrBywEDFGsUJUy
fmah0_si659,vwUJwJLMIrwysvwUvwUcBFDLvTwnmyLzLCnsCwJNMIsLAwLDFgcFgnBQUJwPUeneFeDvwsJLMIwvTwPwDnD
fmah0_sx119,lwCwNJLASGFgeBFBFUwyLMAIgbLMwrLkSISIwQtBwnwDwcLHaBcLzy
fmah0_sx209,CgLABLAaBaILlwLhnLkIrwCBSBaBSwNLAIgnsTgaFcFDLU
fmah0_sx29,vnbQLuIbLkwLHsLMwLHsLAwcQtLlwLMsDmrcwUJUJ
fmah0_sx299,JgmywELAIsyCwUcLHaLHwmrIagamwcCcDvceBcSyEDE
fmah0_sx389,lcseFeFeDLuDncLhwsLkvbabJwDwrIwCFLAcDLMtIPyJagagLk
fmml0_si1040,DaIlwDPUwDLkaceBcLzLwDwDwLAJLMIwnByLhksDLzOwrwJBnLAKrwy
fmml0_si1670,HbLDcFQLhwULDnJnFQwvwrvcgaDgJLMsLMbebLwDyBsy
fmml0_si2300,CcCclnrSwULHwJgLkrJBtcNLArwyabJwLmky
fmml0_sx140,vngsmrNLAvcBLirIFBLHamDnLAJrIcgbCDyQwDBywLkwcwJLMwLQhymwn
fmml0_sx230,lcBFaByPBPSnsvwrLlwcLDIbKDcagUaBeBenIrJ
fmml0_sx320,wDwrwJwDwLuagaLCwsDcacLhywPwySwNQwDEBSaLAtywEDLkwJLMwDLMJ
fmml0_sx410,uInLhgKUJUtInKLCneBeLAMwyLiLSwLMLksCSaIwE
fmml0_sx50,AMbmcJLMIabctwLAnbLHwcDcaCwLMAbcLDbLAJLDwLuaIcLlcLHBFaIr
fnmr0_si1399,lcwJcJgswmyIwBywBwLuUwJLMlLlMbUwnDLMwLMyFQrDcLhFeQwnLuSBFcCrsKwDcCbD
fnmr0_si2029,sDceLMncQaLAsCnDLMwPvwUQGJ
fnmr0_si769,JnmwJgLMwLkIgSwNBwnmaDKwLrLhaBFBv
fnmr0_sx139,lwLhcDLuFcBFScULHBnJcDBSBwyJwLiPSnDmwLDblwKar
fnmr0_sx229,gTywBwLAwEtaraICDLHBGwECnwnDLM
fnmr0_sx319,cCLhwLuFLMcLcgLkucByLyLbebCLhcLkNtNIPlwNtgCyagaILD
fnmr0_sx409,yLAwEJLHwDwDLiLCDgLByDELAIyJwJLMrwENtQCrIgbLAUTwBcJBy
fnmr0_sx49,lcLMScIcUBgLAcClCcLMSacaBtLANLkMsLScCvbDLtKnLhBy
frew0_si1030,hIwyDSylwtarILAIrnLArJ
frew0_si1280,lcJKTwnBLNrKcFDSwLkLQrLQgmaBCBSBUkbLJUJBytaBcBLtrLAMbnLAKD
frew0_si1910,vywBwPwQLkwDLhIyLtIrclcCbgcgmDwELAnbnCQwcwBywy
frew0_sx110,lwLQnJLSgLmcBarDwUJULUwJUJcaBQwnLAJLtrLHIaLhBCDLJ
frew0_sx20,KwPSBcBScDtByJwPSBOBcDcFQSrIaFaBUJ
frew0_sx200,InBQLADLtMIFBLhlcJLMkacLHSaLitKDcwUcLhByLzrJ
frew0_sx290,lwJLHIcFKrULlHcLMwLkvTrBywDCtaICwLkMwLtarLHrJLhHwnLHMwQLhgr
frew0_sx380,SagaILziaILzCnDmDwytrJUwLMLuaILhwLiM
fsem0_si1198,vwUagDUJLHgegwE
fsem0_si1828,bgKJBsQNsJnLDvwLhlwLMJBsDyLhOFLJBcwKGaIrBywDtwLQtBGsGLQnTvPJtrLuagac
fsem0_si568,beDrIgwUwLAbnbnbFKBwJLMiacacavcwcDcLAIcFcnKzLMcDSgDESaILBncnNvcr
fsem0_sx118,tMcChgDamlmBywELuIrLmywynbDLMJwDcBaILMJLHFB
fsem0_sx208,IaLkJnbLhagagUlUwcLHgcDwDLJLAunLJLlwJLMIsgLuPyUJ
fsem0_sx28,lsFsLhwLuaILktcPScDLueFecmDwcQLkbebBJLJ
fsem0_sx298,vgLuOncQlcDacacLhgLQyJKPsFPUJwDCQLQhyBQrwLiaILMJLM
fsem0_sx388,vrIgLmkvbDbFsLMJLScDncQrLlwcwLhrFrCncLMrLHIFKDrLisDLzwUJ
majc0_si1946,lcIcnJBwDLHIaLhBwcCScULhgLDFDCyDJaBDacaQLM
majc0_si2095,CgLkbLkwmwLDCwPvywBwQLMPLuIsLmsLz
majc0_si835,JsnBULCwDLiKwLHwJLMnwnBLCDnJwJlJnIrwywLhcwlmwLMJwLkwtwDLhIbDLkwQJsbenbBUCwDLiKiKw
majc0_sx115,lynCLBwcCLklwLHwLMJyLAIabaLHBnwJLaBcLuBcFB
majc0_sx205,lwclcLMrnrIyLHrJcDbeBrIrLAJLHnLMwLMPFLhsbLucQCwDaILmrJUJ
majc0_sx25,acDBwyCBaGrUBFQDFBywDrIwrJ
majc0_sx295,vwtQLAnIFBLAcCULMcCgagIamcvLvbQrIsDKtrQCyTPymwEDwLMPyP
majc0_sx385,vwKsFBLkrtnBLHMLlcnUwtAwLSrLhrFLAwD
mbdg0_si1463,SwLAbDcSnQrICbLAJcCgUJUwLJwLAJLHnbLlMwLkIbgeBTP
mbdg0_si2093,vylQlQnDmatrLMvwUFDbJLMwCnmwclcSnlrLSwLiMSwUJULMLacDmDwDQNlwDwUybJLMwE
mbdg0_si833,cBnbnJLHrKJKcwDBJKJnBULCwDKiKzKwn
mbdg0_sx113,cCcJLMwrcbcbCLhlwCwnwnDwJLuOLktwLlwcLhbLA
mbdg0_sx203,lwLAaUSywDLlwsmwLhIcLHBywNlwKarIr
mbdg0_sx23,lcULCTPUwKwDUvaICcDgULCaILQBcBcJULBwyw
mbdg0_sx293,HByJLMsLlwJLMrmyLMsLhBLABatLNLlMlclwLAByDTrUJtICDy
mbdg0_sx383,lwLAaILHwLAByDrKbCLHBPLmaILaIybnDBaIc
mbns0_si1220,lsaBJFaFBScDCcDyLHInJLlMyKwDUywLATrLkUy
mbns0_si1850,lcLuOwLkCaIrFLMwPTPCcgLhGwsy
mbns0_si590,lhrLzwJLMnDBUcwDtNwnIrswUFaclcCFJULAaCcwDCntLQlwDLUwQIwrIrwLAIaJyELJU
mbns0_sx140,sLrLAnBLMircBLHamDcncLAJcraIrcaDyQcDByLlwJLMIPLhwLMw
mbns0_sx230,cBeBySsvwrLlcLIbKDcSBgUaBnrU
mbns0_sx320,lwDwrJwDwLuaLCsDaLhySwlNwDSaLAvwELkwJLMDLJU
mbns0_sx410,uInbLhgUtInKLCDwnwBLAyLiLSyLlMsCaSaIBwE
mbns0_sx50,AbmcwJLMIatwsLAyLAwDaCDCwLAcLhbLAJLClwLuAuBnLlcLHcBFaSr
mbwm0_si1304,vwPISIwUwLAJLHBOFPULMPcvgLQhcBcJcLJwlwLubnbJLin
mbwm0_si1934,SsBcBPQPcSgBQ
mbwm0_si674,lwJwULDwFJLHnLMsmrLAMgFLHwLAJLHwIywDLMJLlnQIwScDwJLMcLhwywLHrLAMwJLHnwD
mbwm0_sx134,lwJwCLhrwDLKzsbDTwSISnrwrDgJLCncDJLkMwcJLHwnDLkwDCgbCwy
mbwm0_sx224,vceLhwPsPsmwKwrwDLkrwDLMJ
mbwm0_sx314,HyLHBSrQCarLznDrwKJrLhwCDnPDyPLtcSnBtNr
mbwm0_sx404,haILhrwDLHsLHrwDByPLQJcwlDcQLhwLhcDtgr
mbwm0_sx44,hbJLAwLHFBLAwDCLhwPywDwrLAsCwEJLHaI
mcsh0_si1549,TFaBaKwmwcQBnLCyLkPOcaIcLMLt
mcsh0_si2179,CgCclrDnQrSaLMJLCwnDyUy
mcsh0_si919,aQlywKJKJByUwLhIgLmBLHsnrnrvbUCwnDynwLznJLCcLzizLMcCsLMPlnrDPKJwLiPSsKwDLU
mcsh0_sx109,KyKJKBwLMwDJLHIryDvrsELAFacaDlcwJLMyLMiKJLSBFLH
mcsh0_sx19,cBPDwDcCJKFBFQrSnrLAwnDatwDCLhytBwnCUwy
mcsh0_sx199,TcEDLiwBLrDKOwmwcQCGmywLAJLHFKvrLMPLAwDLMsLzwJLDwUyUwUJUJ
mcsh0_sx289,SnlrLHIPJNtLucBagKwUrQrwTPJtaFBwnwDJybmQBQB
mcsh0_sx379,HsbDCcQLuwULkIgQyEScnJwDUcDLtNrULkywyUJKJi
mdlf0_si1583,tIcScDJLIbmwLABScwUcCScUrInLAcCwDLksKwD
mdlf0_si2213,JcCLhcmySwNQDFQgJwUJU
mdlf0_si953,vwJLMaIrIwDUwQvbnLMPCIyUwDUtIrLHrJwJLMwyEDJFaEwDnwrDIwnJLlMwLuwsKwDJU
mdlf0_sx143,lcJneDLkcQLzwDwnctrwrwULhTPLQPBaBQJLAwrIrLlybDLMcFBaB
mdlf0_sx233,vegSswDtIyBSPwsCyDBlwJwsCDJtJNwswE
mdlf0_sx323,lctaLtHtrIwnDwDLlnQCtIrcDvcIgQyDaIDLMegICD
mdlf0_sx413,lkbtNyJLSymwKLDCyDmBFLHGEJLAuaItCbLJLMrJLAr
mdlf0_sx53,yQlwmDwJwCLhBQvQBLAbnsQIwBrIyLAtwDLMsysyDULJcwChBUJUJUJ
mdls0_si1628,lwJLCgvbnDBnLzrvwDtaBcDLMvwCQwDwmDwcwLUJaILuSs
mdls0_si2258,TPDcvrgySaILTwD
mdls0_si998,TzTwnLlsLNIgQNUaDw
mdls0_sx188,vPaNrIgtJUyacBwQwmwQlwLAJLHwnDLJcLAeB
mdls0_sx278,kMwtrIclrywULHnJLMyLziziyPLAsKcByIyLMJNlcBatLMIyLzaImB
mdls0_sx368,BaFIwGULAaJLMysQDymwLhBbELABFcQJQLMcLhyLAcCLHByByvnbBwLuwcLNLM
mdls0_sx8,SgTnBcSrIyFLHvrJwBygmcCLJU
mdls0_sx98,unJLlcwLASnJLiwDLtcClybDJr
mdvc0_si2174,agavgaLKbcmcececLHLvyJKJKnLk
mdvc0_si2196,vcLHrKtInKwDcnLhIFeClywULuAOLkwvbDLAcCwUCagDcScUwDLMwcLhyJLDysyULkMknbLM
mdvc0_si936,cBgDyDcaBlcLMyJUJUJLCsLMsLAwTwraICaIr
mdvc0_sx126,aImwtwKBwnwDLMnBcLzwDLJUwUtrIwB
mdvc0_sx216,lcJLCaBcLhGgLHcLNcSaICaDlcvcnLA
mdvc0_sx306,cLiwnwFBFUcwDtTPSBOBLhyLAaeaDCLiznDrBU
mdvc0_sx36,FDBylwcCFJLMcLAaLHBwKMcaImwJLcLMsDLHaLHtAywBnrmy
mdvc0_sx396,lwtwKtLHyLubnDLMcByLHtIbmDwLAByaDlcJrtcwJcQlwcJLCaBsLA
mers0_si1019,lncCDyPLMPlwLAbnbDLMIyLvSrtrLMPFULHPFBLIwDCU
mers0_si1649,wLJcwtrCbecmyLTPDFB
mers0_si497,lwJLHBsLmwUSBebCLJULlcLHaLHcJLMFcBgLlwcLiwBLkrwDLbDLkrILknLAIrLkwnQbLAJwcD
mers0_sx119,lwCwnJLASaFBLSwUrwyLMIbLMwLkLSwcNwncDcLHaBcLzy
mers0_sx209,CgLABLAcBFrwLlwLhnLkIrwCSaBLScNLAIseDU
mers0_sx29,vcLhIsLlwLHwLAwLHnbLAcLHlcLHMsPmPDLQJUJU
mers0_sx299,KsQwELAIsCLwPwUwLHaLHwBrgmcCcDCveBecSBysyDC
mers0_sx389,lsaeDwLhwLkveBJUJLwDClwcIwCFLAcDLMIyJgLk
mgjf0_si1901,cSrcrQrQCQIyULHBswLAIbabaJLMwLCwPQmQwEwLBgLASsQJUJ
mgjf0_si641,AvHBnQrBgLMJaDULSrFQcByLAFaGwDLMIbLzwLAJaDUJUcBwmBLMPCnbBcLzrCbmwLA
mgjf0_si776,kwDaLirIaTaIDLMPLMgsLKkz
mgjf0_sx101,AwDwLraImDLiwFLMwDLkwnLArsLMrLABbKrDUtravaBcmsJU
mgjf0_sx11,vySOSaBecInwnrBag
mgjf0_sx191,SwNLkIaBtcFmybLATPwUsKDUwcSaIDLJU
mgjf0_sx281,AarywDLMIwnKLHBsLMbLASwNLHywLiLhaBJtrerUJU
mgjf0_sx371,IgLCbeCwDeacLHyQlwLQnJLMgCLtrLhwUwULCrIrLzrJ
mglb0_si1534,wUwLhwLAcUcCcgJBcQcCDCBgBwDncnJLlwnLvnLuIFUcCgtsJU
mglb0_si2164,MlMlwLATwnQvwJnBtNtnbD
mglb0_si904,vyLHwrmwvnmwEDELuIbDLkwUrInIrcLkMIbLAJLAywCwDLMwQTyPFOFLunDLhkcBFB
mglb0_sx184,lwLAbLJLCyaebBevFSwUvrLJLhgTPrUJ
mglb0_sx274,uABwtLtSwJPNLhcgDmFBwLzrywULCcJgBagKsK
mglb0_sx364,vyPLiwnDLMgbCBywDLMwCBaULAaFBcDJgDwSwNcLhIsLkneaDcQlyvymwELJwJLMDCLHaILM
mglb0_sx4,zsDCswrDCaICcDyLhcncgSaILAwEDEDvaILk
mglb0_sx94,TcDJLMwUBcQLAcacCwcCLAMbDLkywULMIyLMJU
mgwt0_si1539,twJLiJLHvcCFQLkvwswCbKyJLMbLuLrLtaIwLk
mgwt0_si2169,cLMJLMnrUKzLhwJUKwLtNtyLiKerIrIrwECgLAIsyDLkIbCLHJLHbmvrLkrnIeDLMrIwPwCDC
mgwt0_si909,lcCLHcBFBJrwywyIyLMAegrCwLmkwLMJwLAJLMytgQcBPCUaDgvrIgUJUwD
mgwt0_sx189,kwJLMIGsnQIytgerDIwyBsmwLMcwCgamwnLMJ
mgwt0_sx279,bebBcJwcwJcwLhwnBwLAyLMcSrLSwNeLMJwOLHrQNwKwDLwUDFLSrILlwy
mgwt0_sx369,lhLhaLHsLHrLmnBFQLQtwclcBwQwECErIrwCDTrIrFaBJ
mgwt0_sx9,BvSwnrSrycSvSgByCrcFSs
mgwt0_sx99,CymyQmcBJwJgmySwULhsJLMIaDcvgrbLAyJUJ
mjar0_si1988,veBUwUJLMIgLATPBQtaBQBrtsnr
mjar0_si2247,SyLAlBwJwDByrKwQ
mjar0_si728,HFLiJybCLHBUcwCDwJrnBLtrLMaBQLCnDwLMJULkIrIsDcCwnwDLASPFB
mjar0_sx188,vSaNrgUlUycDBwcCwDLDwLknLJLHnDJwLAaeFBFcD
mjar0_sx278,MwtrlrwULHIwJLkMwyUKzLvywPLAsKDBwsIyLJUcSaJLMIyLzrDcB
mjar0_sx368,aQaIyULAbagagJLMwCDCvyQlwLhBbLABFcFULklwLhyLAcCLHByBynBwLunD
mjar0_sx8,SgTFBrSryFQrJwBygmcacCDCLU
mjar0_sx98,unJwLASaIKwDtIcClybDJr
mjfc0_si1033,lwNJLkaILAsCDLlsSOwLBPKUSr
mjfc0_si1663,vytacBaLMvyKJKJaLHvsnBtsKDnbmcSwsDLkF
mjfc0_si2293,lFUSrJLHInKByQlcScDUnLmkaFaBclwLuIcDcQJLBbtLMbLkBeFmwJLM
mjfc0_sx133,HyPLMirIywUKUrarIrLAwDCQyDEvywLtIrLASwLABacacLiz
mjfc0_sx223,HvSOLkcwcLhOwLirLhBaLMsLhBwDwLurIaLziM
mjfc0_sx313,kIacaLtgtaIKwcwDlcLhaLiLHhSctaIryLuFnF
mjfc0_sx403,vrSrLurLADLJwJKJwDQSFDByKLMrLJDwDLhBnQJwUJUJ
mjfc0_sx43,lcFBLkwByLHyLQhBratwDwLAJLABPLmkw
mjsw0_si1010,lwJnBLAceaLmkQnLMJLiPSPaOFBgQrIywJUlcavrarLkwbnbDLkcJLHrCwQlysLuAJgUJLMcLMJyLk
mjsw0_si1640,veFLkwLScDLKizGFGwyDClwnwC
mjsw0_si2270,kLkaLuUJLMwLkJcCDNLNwELMcScDUyLucFB
mjsw0_sx110,lwcLhnJLSsmcBrDwJLlcwJaQtQLQlnLAJLMrLHIaLhBcCJ
mjsw0_sx20,KPySaIQSaICDtJByJySBcwcDBFBcCQvrIaBU
mjsw0_sx200,IbetLAwDLMIFBlwcwJLMaLhHGaSaLiMtIcwDcLhByLMirUJ
mjsw0_sx290,lwJLHrIrOKrwJtLtHIwLMwLAcBywDtaICwLMPwQtrLHrJLHbnbLAMwQLhgr
mjsw0_sx380,SgLiArLKzKCcDytrJcnLzLugagILhwLzLcLM
mmdb1_si1625,vyCwsLJLhycDLAFaCLtrLhB
mmdb1_si2255,vwyJScDrIrecLkvgUJLMSaSaILlwLhnLIPcDLJcCtwtLtAyELtTymcSns
mmdb1_si995,bLkwtrCDLMgDCDJyPyJrLkwULAByLABcQmBcDLABSnrIBylrLwnDwUvSaILAwDcJLM
mmdb1_sx185,lwLzTPLhgwDyLAaImrIrIgLyFQrIFaBJ
mmdb1_sx275,JLMyQtSrFcLhIsLIwnLAbnbKDCIwrJLScnmregb
mmdb1_sx365,lwLAcCDCwDLAsFsLkwUQwLMDLABaIvrLmbLMcDLHGwELAtIrwNIyerUJ
mmdb1_sx5,KywJLHMNBnDrlnDcDBvywC
mmdb1_sx95,yLuBaDwUJUwLDbnbBwLAymrJKJnLAMIbLHIyLtABIcnLMgcBU
mmdm2_si1452,HFBLMrIyLIyUFBLJOcQyrIsymysKDLMnbJLIcNLHFBLMIyvnLlhwDLAGsLMJwLAJnJLtB
mmdm2_si1555,cJLByLAyQGJLUbDLJrLk
mmdm2_si2082,vTrLhGwBwECnBLAvsLTPr
mmdm2_sx102,JLHnKBLMbJLAtaIJcwULInJLATPvaJcLzPwULSCLAwLDcDLAHrU
mmdm2_sx12,SBIcacLQcDSwrwTnBFDBwQwy
mmdm2_sx192,JLMIavbLMJrIrIFmcFBtbnbKDlwJwyr
mmdm2_sx282,lwPLMPNtwnIytrLuaLMcLAcCSwDIcagLzrULMPNtwncncBFeFe
mmdm2_sx372,lbLkgLuIbDCwLAJwnDJULvGFDBybLMrCcLiJLMnmy
mmjr0_si1648,TOcFcUctNwrIBwywCaILDCDCFLMnBQeBLSwNLASBsmwLhwmcQcBnLMcLABLlklcJLHBgsywDtIbaDLM
mmjr0_si2166,BacLALtJLIyUvaILkMLJaCtBFBFBSacUJ
mmjr0_si2278,uPLMsLAJwDktaILAeDyULMPLhnLzrIcCJU
mmjr0_sx118,McCLQtgDaSanaBlmlwyEDLQhrywDJLbwvbncBaILzLhBFB
mmjr0_sx208,IaLJbLHhglcLHaCDLkLwDULHMunbnLiLlwJKLMIsLuTuTPyJUJ
mmjr0_sx28,kLhsLlbLuIaILktIrcSaScDLunBFacDcQLAbJ
mmjr0_sx298,gLIbnLkwcwDaLtgIQvywyKTPULlnDQyFQrLiaILzLM
mmjr0_sx388,vrgrvbDsLAJLCDnQrwclwLhnebebCnLMtIrwLNcNLHInrKJrLiMinDKzwU
mmwh0_si1089,HrvbLHJNwDULSIryQwDSrJlNlbnD
mmwh0_si1301,kyDULAwDtaICDwDwDCLHaILDLNhIrswLzLhHwcLMSyDlwLHInKzKLDwDLMwnDwNtbLABLMwy
mmwh0_si459,vytrlrLHrLHIFrUKULAIbDLMJnQcwDcncDLJLhHnJctgcLkJncFBFcDCDLtrLAJLHrCwnLHBvaLJLHOmBJ
mmwh0_sx189,lwJLMrgywynQIytBecDEIrcBPmwLMPCgamwLAMJ
mmwh0_sx279,baBcBJwUwLhncnBcLMyLicSrLAvSwlbeBJwPLHrQLQwKwDwULDFSLSwNwLwy
mmwh0_sx369,aLHsLHrLmFQtQwQBwQwErwCDTyTPaIrSBJUJ
mmwh0_sx9,SnrSITPSaSBSySrSncns
mmwh0_sx99,CwLkyQBLJgsmwySwULhHsJLMaDEvgrIrcaILAMADwPJ
mpdf0_si1542,lwtNtNyLSraICvyKPrUJLJwDaQuTwJLkwJKJKIyLHrnr
mpdf0_si2172,JLMInsELNJtNLHSyLubDLMwUwnLHcFcLHwDLkeDLvwULintJLJM
mpdf0_si912,TPCsbsbwCsKUvrJnBtwDwLASgrIwBCbLAtAIaI
mpdf0_sx102,JLHnKBLMbJLAtaIJUwULInJLATPLvaJLMwLzwUtIcCLAwLDbLHrUJ
mpdf0_sx12,SwBIaLhwDSnIrcTncBFQBwBwy
mpdf0_sx192,JLMIavbLMJramctbKDwnwJTwr
mpdf0_sx282,lwcLMPNtrwrIsytrLubLlMwLAcCScDIraILzwrwUJULMPNtIwcBFe
mpdf0_sx372,lnbnLkbgbgwLuIbCwLAJnDLJFDCDCybtLMrCcLiJLMnmy
mrcs0_si1223,lwcIsLAFLiJzLUIbDCBgLAIbCLhwLMJ
mrcs0_si1853,lcnJLUwQbDJwLArwLkwDQwLlMwDJULisDUzKUwDwLHwIrwDLJLnbnbDPScwDUwrIgQkM
mrcs0_si593,lBlwLubBcDLNvbtJwmywULkgwEcDwLJLtyLMk
mrcs0_sx143,lwJbeDLkwQLzwDnQtrwULhwywPLhBJUJULAnrLlybtBcQLA
mrcs0_sx233,vgcSsybnDLktIySsCyCDwLJsCDtNwE
mrcs0_sx323,lctaLHIPQlQnbnDmwLlnbnCtIrcCrIrglQwEaDLMgcC
mrcs0_sx413,lbtLDyUJULSwymyUKLDymBLHGLJLAaItLCbLJLMvrJLArLkM
mrcs0_sx53,yQwDnwJwnCLHBLQHBOcLAbLTwBnrIwyLAwDLMsDJwCLhBLBU
mreb0_si1375,atwDLkacCcDwLJLMInJwDCLABwybDLlwLAsLMUJwyJwnwDrIwEDcFcQwLMnDKwDSaImywCFKwD
mreb0_si2005,vyPyvnLkBntLMrwEDLQgBQwLtltwsELAyEtrDCnswynenrIrmySPwLznDLMcBLArwDLMgeaIC
mreb0_si745,HIrIsBSFaILMnFLJLlMwKUTPKFBPOB
mreb0_sx115,lywCBcDCDLkwLHswLAJtUyLAIaLHSBGwJcUaBcQSBF
mreb0_sx205,DFcLMnrIywLHIrJDnerIrwLAJLHnLAMwLMPaFBLhsLucncQDCwDaImrU
mreb0_sx25,cFcDCwyEBGFGBwrwULBFeFcQDCsywDwyrU
mreb0_sx295,wLArnrIFBLAcCDJLMCagIgIgFLvbnQrIsDLtrCymyEwLMPr
mreb0_sx385,vwKFBFLmkrtbneBLHNnUwQtwSaILhIrIrFLAwD
mrjm4_si1489,vbQBaJLAPFBLlcJwsC
mrjm4_si2119,lyTwDULMwELMwLkwJcLtHtcCDbULCwDCaJLM
mrjm4_si859,sDacDLAMwLMIrLhywLMrwLHBbDTPKvyCSaBFLHsatclcLhSrLAIrnDLMPFGFBrGrIwLMvngrJ
mrjm4_sx139,lcLhcDLlcBFScULHIcUCDCSwyJwLiziPsmwLDTwTwrlwKwrar
mrjm4_sx229,CIaITywcBPBcLAywDEDtaICLHBacDwDLk
mrjm4_sx319,wswLhwLuwFLkMgQByvybCLhBLMNIPLlwtIaCDEraraILD
mrjm4_sx409,lymyDUJLHwDwDKLDgCDyDtHIyJwJLMInwnDLACaIbLATwPFcJwywEy
mrjm4_sx49,vbLMSagmacDlwcLMSatLMsSwcBbDQKwLhBy
mrjr0_si1182,hBcmcnJLkwtrwnDLKJiysysmlmkwtTPcOFQlyUgLkycU
mrjr0_si1812,wLiMrwnLmywUDFLMgCDCDtaIrwcLAIrCwDysKDJUJ
mrjr0_si2313,SnBcLiziwPwDTwrLlwLuDwDUvyvyLMkFDBySaDLwDCwJLMrvnwDryLkwLDvyQwDLMkPlebebLSnB
mrjr0_sx102,vcJLHhcncnKBLMbJLAtaIJwUInJLATPvaJwLzwUtICLAwLDbLHrU
mrjr0_sx12,SnBIaLhnwDSnrsTnBFBwBy
mrjr0_sx192,JLMIavbLMJvaIamctbKwDlwJyr
mrjr0_sx282,lwcLMPNtNsnIrytrLkaLMwLAacCSwLDIaLzrwULMPyLNtJnBeLHM
mrjr0_sx372,lbLkgLuIbwbCsLAJnDUJUaFBFBCBybtLMrCcaLiJLMcmy
mroa0_si1307,lwUwUDFcDwULAMactJNLCwsKLDBaFBDLQDwDLQLvw
mroa0_si1970,lwcLAIwBwyLyEwLkwDwctFLhLBQcLcwDwDCIwywELAMcDLMPLkwLkaDwUwDCBFScDwBJUtISIrPIeDLkhC
mroa0_si677,ACDLAHrSBLAMAIwPDULAMcCLhyDFLkwLQmwBJULSr
mroa0_sx137,AMrLkwKDPBLAHSarULHInDFBLHIPQPBQNtIcDELIsywLzLCrwLizJi
mroa0_sx227,vwLJwBLNTPrLkLAPOLACcNnBLiKOPQLr
mroa0_sx317,lwcLAIPnCLhrIwLhaFaBFBLuwLJLQhQrwrIPwrLHIwLkywDaFmcLkC
mroa0_sx407,BnbQtQtLhwnbCDLAJULvwDJwEwtaILAJiJDLJLCBaBeBULHBcacDTP
mroa0_sx47,CaCJULAIacCESByLkwJUJBgLAJLlnLHLMcnKUKrUJU
mrtk0_si1093,ScmneFBcCcwcJnQrarLhywvsQrwraILkwJgJwyUQUtQU
mrtk0_si1723,vywDTPSPSgLlywnwLkIwtLMwDwnDtrCDFSr
mrtk0_si1750,vAvwLQywCbJrswnbCJnBtLtwlcwCbmDaDLlwJgLlwLHIgCwlmwJLMrtwr
mrtk0_sx103,AacDbCLChwBcQwUJtrCnDmwLABJwJLMDJ
mrtk0_sx13,JLSIwEwraICwUvgKPLAbwD
mrtk0_sx193,SgLIgcaGIwBFBScwDlyaFaBSywGLUvTPUCagDC
mrtk0_sx283,HBgbDLHvnrnrwDvwmaILwDwUsKDULtrCFDLhrNLAwDLMtMIrcB
mrtk0_sx373,wDCQaIrwDCDaQGwUwyJcwLHrLJByLHwELHnmcB
mrws1_si1130,KwNlwPLAJnBrIwELuInlNrtLMnwLDbaBcLzylnDSaIDcJ
mrws1_si1496,bcbcbtLMrlbLQhQgFBQPwQUtScwUwLAJnaBLMcCDLMHByUy
mrws1_si500,lnrvCaIraLtywJLCwDCDtrCsnmybLAJtcDwrwPwDyLHIaICQrLmgJwrwrUJ
mrws1_sx140,cbnLurLAcBLMrFLHIamBrLAJrcrCDyQcwDByLkwULMtrLhymwLk
mrws1_sx230,lcBegFBySsQvwrLSwrLIbnbKDcBagUaBnrUJ
mrws1_sx320,lwDwIwJwDwLugaILCwDaLhHySwNwDSaLAwELkwJLMDLJ
mrws1_sx410,uInsnsLhgUtInKLCDwFBFLAyPLMiLSwyNLksCaImr
mrws1_sx50,AbmbcJLMIbacatwLAyLAwDCcFcCwLAaLQbLAJLCwLuhaBaInLMLlMcLHGarIr
mtaa0_si1285,tlwsBFByIbJKLCwyELHaLhBwSOLHyDnJrywy
mtaa0_si1915,lwSwUNlnrwLiKwySOLkvbctLMPwDbabLMrIywDacDLJvTysKDLlsnLutrLuwQDwJUJ
mtaa0_si596,aDyUNlNwstwBsLADCBFag
mtaa0_sx115,lwcnBcDLlcLHwnLAJlBwOLAIaLHBwcJLUaBcLuBFB
mtaa0_sx205,DCDwOBFcLMrwLHrJLDFarLAJLHcLMwLMPLhsOsLucFBQrcrcCBwDLDBSaImrUJ
mtaa0_sx25,FSFDBwyBaGyrwJBFQDFBFBywDebnrUJ
mtaa0_sx295,lwQLArIFLAcCJULMcCaIFLvbQrInsnDKUtrCymyDwLMP
mtaa0_sx385,vwKFOBartInBLnwncUwtwDLSDrLHBIPFLAwDC
mtdt0_si1994,JPcBtaByULhwPwrwUScULlwLuwnDCywcDLhwnLCsbDTPLzwJLHnmDBaBSBSamcQCBacmDy
mtdt0_si2254,ASgByvTPQmwLMrQCQwDLkwtaGBar
mtdt0_si994,vrJLMcmywQvwJLMrIyScULHrKJKJwJLMcDByLHrJPLk
mtdt0_sx184,lwLAbLJLCIyPbeceaIKUvrLJiLCgwTwrU
mtdt0_sx274,ABwtBScUJPwNLhcmcBncQLKzKvwrywJLCcJagLz
mtdt0_sx364,yPLzcDLMgCBywnDLAcCBFBaJLAaBcDJglwLSwNlcLhIrswLkFcemDcQwvymyEJwJLMwCLHaI
mtdt0_sx4,zsDCswrcwDCaICcFmysyLhgSrLAyEvaILk
mtdt0_sx94,TFJLMrwUBFcQLAamQmwcwDLAbDLlywULMIyLJU
mteb0_si1133,wLAnDLtHrLznbLADBaEIsDLzLhunFBFBUtaILJnBeQt
mteb0_si2064,vySwcULuwtLMwLkSwNbDcSFCbEwLMwUcDLnbDcLHFmwyEDcBwrtrScDlCwnDmcDBDnDyIsJ
mteb0_si503,lLlhwnwnIyaJLMwrTnrsJy
mteb0_sx143,lwJneDLkwLzunwDnctrULQlyPQlwBJLAuwrLlybDcBFLH
mteb0_sx233,vgSsywDtySsCyDJsDCDLtNswbsE
mteb0_sx323,lwtaLHrQwnDwDLknDCDLtrcCDlDwcIgICQwEaDLMgCD
mteb0_sx413,kubtDyJLSymwKJKLDymBLHGLJLAaItCbLiLMrJLAr
mteb0_sx53,vyQnDcwJwCLHBvFBaLAbLQIwBrwLAwDLMsDJwDLhBQU
mthc0_si1015,vsTnynwDLHbgbKLKiKrIaILlyclrLiPyJaIJcUcQBSgagLQJLMaLAtByLk
mthc0_si1645,JcLiKicLaLMcCwUcCScUDCLHByByncDLzncJLMctgLk
mthc0_si2275,wmaBLkwLkOLANlnrwnIytwKDLknDKwLAiKsQLQNQ
mthc0_sx115,lybwCLhBwDLkLkwLHOrLAJLlMynwLAIaLHABwJUFaFBwLuhSBFBF
mthc0_sx205,DCDwBcLiMrIrwLHrJDeBvaIwLAJLHnLAMwLMPFLhsLuFcQrCnDLMcaImrU
mthc0_sx25,FBcDByQBaGwrUBFQLCwBywDnrU
mthc0_sx295,wQtvArFBLAcDtJNMLISaIcBLvbtrIsLKtaIrCymyEbnLMP
mthc0_sx385,vwKFBFLkrtnBLMwnwUwtwcSrLhIcFLAwDE
mwjg0_si1124,lBwLQDyLASOFQLkMvwDCyQwDEDSaItFOFByLtaILvwUwDbBcJwJwUCLtHSaIDLMcCgLlNyCE
mwjg0_si1754,vyJnsDsLlwLAIsUytcPBLvbNBFeDLDCD
mwjg0_si494,lsLAJBFQBywLByULMScDvbLHvercBaELur
mwjg0_sx134,vkwJwCLhIwnwDLzsbDTPrysyLvaIDgJLCcDLJLMwJLHwnDLkwLCBgbDwE
mwjg0_sx224,veQLABPwmwLwUTrPrwDLkPrwDLJ
mwjg0_sx314,wLNHyLHcScQSawLicnDrIrcnJLlnsISwLlyDcFDyLtIrcSnBtwnr
mwjg0_sx404,haILhcLHrwDLMcLHvHsLHrwDBywPQJwDlwLHwLHhaDtgr
mwjg0_sx44,lbJLMwCLHaBLAwDLQhywDwDmDwLMvswELuUJLtHSar
fdhc0_si1559,lwKPByQyUwLHIabLAJwCsmwLuSOnLmySwJLtywBwyESwLlNwnDwDCJnBQt
fdhc0_si2189,TyPyJKalcCaFBSyULlMwLunclmwrLlFUvTyrU
fdhc0_si929,lhnwLMJwnwnLiLAsJUwUSrwDlcLHbaJLMnDTPKPB
fdhc0_sx119,lwCwJLASBSncDLScwUvIyLMIbLMwOLSwNwDcLHaBwLzwy
fdhc0_sx209,CgLABOLAcBwnLlwLhnLzkzrCSaBSwcwNLAIsgcDJU
fdhc0_sx29,vnBLHLuInLkMwLHwLAcLHlbnbLAcQLHhHwLMsmwcnDQJU
fdhc0_sx299,KyDywEDLtNIyCwUwLHaLHywBrgmwnCcDvFcaBFcSsyCDE
fdhc0_sx389,lsFDwLhwmyveJwDlnwIrCFLAnDLMIPyJgLk
felc0_si1386,wDSsLiziKDwLuFKysKwDUJLlNywDLkwJLMIwLhaILuwDUwUwvTPrDnwLDLScmcwJwDLuPcByvTrwDTwD
felc0_si2016,vyQaFaDFULIFLHMJLlcLhFLMJLAcCcDJLMacLA
felc0_si756,ClwLMwrIrywywcBUJLJrIwCDwLCFacaSBwDELABsyLInLkSgLkaILhFect
felc0_sx126,aImwLtNvwKBcDLMnBwLzwDJwUJUtrIyBLB
felc0_sx216,lcJLCOcaLhGLHBcLlcSarCcDvaFrLA
felc0_sx306,cLiFUDJtvTPSBLhyLAvcCDCLznrcDrcFBJUJ
felc0_sx36,FDBwLlwCFcJLMcLAaCLHBJKJKULtaImcJcLMsnbnDLHaCLNHwBwnrmywy
felc0_sx396,lwtwKLtwLunbDLMcSByLHNInDLMwLABycDJrtQcJcDQlcJLCFaBSBbnDLMA
fjlm0_si1043,DacaJcLHIcgaUwEIBsyLlwJcwLHIFcLiJLkLkwLDeSgnrLA
fjlm0_si1673,ScwDNlNlNsDELAvyNaLDcLhcmwsDFUcLhbebmDwyTwn
fjlm0_si2303,wDKBaILwnDLMwLhaIrwDaILhrBJtrsULJBbnbKLMPwCLhr
fjlm0_sx143,lwJrnbeDLkwcQLzwrnrtrwKLHTyLuBJLunrLlwvwbDLkcBFneB
fjlm0_sx233,vgeSGsybwbwDtNtIySsDCyDlwJsgDCLNlkesEDE
fjlm0_sx323,lcwcJtaeQLHtrQUyDwLlywCLtrCcrIeabaLlwEaDLMgregcgcD
fjlm0_sx413,lbnbtQNlHysyJLSywKLDysmDBcLHBcBwLJLAaItCbLJLMvrJLuAgrgr
fjlm0_sx53,syQwQDwJwCtBQBLAbLhTwBnrwLAwDLMsDJPwCBU
fmgd0_si1564,vgcULhwDLkIyScULhbDwLhgJULDsLAInBtbnDUJUwUbCDLlnISrLuIsUwEDLAbmcB
fmgd0_si2194,vyBnLtBagsDwDLMPwJnactLzTaLbnwDbebeLmlwLzaLhSwULuaDwDvyISwJLMIbDLkwLk
fmgd0_si934,cUNFarmyJsLlQwDmaFBFQUJtLMrwUnraIrgsLtIrgDLMaILyw
fmgd0_sx124,aLzwLAJLCsmkwQLATPBvywyrgaILhQTPmwtB
fmgd0_sx214,lcCaIDwELkyPcDwJLhgrSnLhBwJwDLQlwDwJcgcgcD
fmgd0_sx304,iyLiJLMaLAwEDNtIcaDlwtrwrJLMgDlnrSaScD
fmgd0_sx34,keDLNkrPLMrByUJLNlrmyLkwKwU
fmgd0_sx394,AbeJyCsLJLhFaFaFDUwDLMyLtJLtMIrIaC
fmld0_si2185,KyJwLiaILAtMiwnQDFLhFDUwDKtKIwDLMJLSnbnbCDLQhbLASaILk
fmld0_si822,DnBcLHrLmknLAKDwDCsLhywDLAIyJLHhcLmybLHNHMswDLkQnbLMwcQLHIbILQHrmywUwQLlwJLMIrIcLkrk
fmld0_si925,lcvySwUwDLAcJLMwLmkywULSgLlMcLhaIJLMwcC
fmld0_sx115,lywCBCBcDLlwLHMwLAJLlwywLAIabLAcBwcJUaBcLuSBF
fmld0_sx205,cFBSBwLNLNrnrLHrJnDbeBrLAJLhHnLlMwLMcPBcLhsLucQhrLQCnDaImrUJUJUJ
fmld0_sx25,SaBDCBwyQUBcGwnrUBcQClsnDsywDrUJUJ
fmld0_sx295,wQLAnIrBcLHAcCDJLMcCagFBvnLQhrIsDLztrCyLmyDywLMPr
fmld0_sx385,vwJKBLkrtnBLMcUwtwLDSrLhIcFLHAcDmD
fnlp0_si1308,wDLkPwyQywmwULHaQJcLhOcLMwJwnwnLHcIsnsbswyBnbLMiacLCDLHnbrIrLQCnwDnbnmwLtcCDPLABwyrctnDLMJ
fnlp0_si1938,tBgmwLBSwDLkFULuBcFLziwBLHgLNlIPlLlwLknCLHBOFBFBr
fnlp0_si678,tJnBQsJKwDEIwLAwDJwnLzrPLk
fnlp0_sx138,lnwLABcDUyLAnJLJMJwCrJLHwBLJwcCwyLJLlwDJwQLHrItTyPsbD
fnlp0_sx228,lcQTPLHBGsgGDLFcFQrwBnLlNlynQKJKJvwD
fnlp0_sx318,HBsyJLMwDLBCcnbCLlMcLMnsmFcUbebLhctaGtIgacaJLM
fnlp0_sx408,gaLkCIcLQlwJcncLHBsLHhwcmcvbnQwDyDcQLinsDLMJ
fnlp0_sx48,uIbCclcreLuIPLvrcbLhIwEvTPDwnCLHnmywLAbFcnLMJ
fpas0_si1272,vPBnFQrwLMrsnbJLJtIrtwUwswLAJ
fpas0_si2204,HIrmwUJPmPBOBaICBwLAwnCcFaIaDELATwrwtBFBLknCLhIFcBFcUcSaLAwDLJwLA
fpas0_si944,wtcJtaICBwUIrInDLMwLlcInCcJLhyLHnbswLk
fpas0_sx134,kwJwnCLhrPwLznDEIrDgJCcDLJLMJwJLHhHncDwCgyswCy
fpas0_sx224,vcLuPmwUKTwrDLkrDUJU
fpas0_sx314,wtLkMyLQHcBaIrCaILzcDrcrUJlrLhywDFDyLktrSnBtnsnr
fpas0_sx404,haILhrDLHsgsLHrIrDByQUwDcQLQhwLhaCLtgagraIr
fpas0_sx44,hlcFcJULlwLhaFLAwChwywnDnDLMwLMzvsDEDUJULhaIr
fpkt0_si1538,wLAnrwLzLAacDKJKzLthgwLJLkwCSBGgDLJLNwBLMrwDNkPlwLuBPCDC
fpkt0_si2168,lsDCsLAcncJLADtaIClwJBcLuOcn
fpkt0_si908,SwynaBFwULlNbebeSySBwLkgQrwNrILhwPcPLMJcD
fpkt0_sx188,vPBaNlcIgvyDBwCwDwmwLuAJLltwnJwLAeD
fpkt0_sx278,MwPwtrlrvwULHrwJLMyLzivyPLAsKDBwysIyUQlcSaBJULMIrwyLzrDB
fpkt0_sx368,BDBaIyULAaJLMPwDymwLhBgLuABFQUJwLhyLAcCLHByBynabnBcwLunD
fpkt0_sx8,SgyTwBrSaIyFQLQrwJwBwygLkmwDJUJ
fpkt0_sx98,uwnJlwLASnKwDtIcCDlybDLMJr
mbpm0_si1577,hIbeDgUgLhInbeBLCScJLMbK
mbpm0_si1584,CICInLMrwcUacatwCLATrywJLatNtQNwDLMcnCLMwLkbJLASnKJLMwDLMJLhwmywyDnQrLknLD
mbpm0_si947,tTPIrcBryrywUwLHrLMnLAMwLChFcFcUcDwE
mbpm0_sx137,AMIrLkwKwDrLASgrULHIrIcmBcLHIPQBtIrcDLursLzLCnIrwLz
mbpm0_sx227,wLMJvnBtTrLkwLAOLAScNbLAKrLr
mbpm0_sx317,lwLAInDLhIsLhaLkwLJLIsLHrmywDamcC
mbpm0_sx407,BbtLMnDLJDJwswDEwtaILKiDJLCBgebBUcLHBgDTrPr
mbpm0_sx47,CcacCJLMaDEBwLkwJBgnLMJBnwnbLHcLMgUrUJU
mcmj0_si1094,lDCbnILAwDCDwULHMswLHryQTPrULCgLMwLAIagvgwgULHMgsgsULDCyFwGwnJNLlNwLA
mcmj0_si464,lwLHMIbJLHnLMrnQLAcmwELhbLAJLHwnwnDwEDLEvwUDEwrwrwDLMHMgUwcCScrwDtIbDwLucLQwDr
mcmj0_si602,lrwnLMwKwLMHJwQrIwyJFDwreLrnrFDEIDSvIywLkacCLuwnLJrCswJwnBrUwnwDwCaI
mcmj0_sx104,vwJLMnFBcILkgCDLtrwncCDcwLhnLr
mcmj0_sx14,vwLtaILArUlwnFbQUwLuUbnbnbnbCIyQTwrnQIytaICDCwrIrcrLr
mcmj0_sx194,CsDLKzraIGswSnDgrLkrwKwD
mcmj0_sx284,znbLAtLNHnrILmTPrarcILTPmwEDLtNsQrIbnbQrwrJwnDLMrtTrLzLHrLiDwJ
mcmj0_sx374,zaDwLAIsysDULKabtwKtrCBwQwrD
mdab0_si1039,vyvnULDnQrvcDJnBLMcmsvsLtBFScwLiLMcLhyvswLkLSwOLiwlOcJvbnbJ
mdab0_si1669,lsLJgsmwLkwDLkaFcwcLknDmDtgrJnBt
mdab0_si2299,JcCLMvgbQJQUyLAaBJgmFScNtBbtgamBcwULhywsyEwnUvBFBFBC
mdab0_sx139,lcLhcDLucBFcUJLHBcwJDBwyJwLiSsmwLQwmlwKaI
mdab0_sx229,cgTycNLtAvyQtBFBFCtQtBGwESwLM
mdab0_sx319,sLHwLuwFBaLagmFBysLhBLMJNMPwNtNtBaIyaILk
mdab0_sx409,ymyEJLHwmwnwLiJLDsByLAIwyJwJLMIsNICIgbgbLtKBOcJBy
mdab0_sx49,lbLMSaBsLMcDcwJtatLNlNsBvcQtKcLhBy
mgrt0_si1450,CyLMJLlwnrIsysKDLHrcCcJnJwELNvnQDCyLkvbnKUIwyJyPQkwLAJLMnDLJvyPQmLwDCwnJLMwLusKwD
mgrt0_si2080,vLvyBPOwLDCcbnLAwnIwyETywcLhIysytQLAsJ
mgrt0_si820,hgnQlbnbnbDLkMkLcBcDtyBUBnLCsbLhkwnDmwLELtaIJcwBwBwULagrgrcwUKULzwDInBeBQBcUwywBnLMwLABtaIJwJUJUJU
mgrt0_sx10,agvgaTwrLuIsLUvgrmrBFrIlUcCDCnDLJyU
mgrt0_sx100,HIcaLzwnwLkwcQnBcCnDLHLHBScUJULHrwJymyELMPUJBFBy
mgrt0_sx190,JrQUwLAFcFBJUJBcavbtKrcgvbnbDQLlywFBwyGnB
mgrt0_sx280,lycBFBsJwcJLScUwCragagKzKzKz
mgrt0_sx370,lnDCBFBFwKULHIcaQBFcDLuIwFUCSrcDaGFGBwsEDEyLiLkMnswsy
mjdh0_si1354,SwNwnwQDBaILzrJFKLBJKwJLMcCagLlwJLMAIcLAKIBaDBtcDLtKDCDBaBJcLHJcnJLMcCUJU
mjdh0_si1984,wcDScLDgJLlwsSarI
mjdh0_si724,wLMwJLMIywyCgDIgtBtbJLMcScBCsLk
mjdh0_sx184,wLAbLMJLHhybeSFGwyLJLJIrLMiLCgsbyrUJ
mjdh0_sx274,lNcQtSwyJPwQULhBsngQlUcBcQBwLAiTPrIywyJLCcwJaK
mjdh0_sx364,yLMIcnDLMgagaCBywDLAcCBaJLAaFcDJgmwcSwNcLhIrwsyLkeDcQtwvymyELJwJLMcDCDCLHaI
mjdh0_sx4,zAunsDLDCsrwDCaICScDwyLhcgSrLAwELvaILk
mjdh0_sx94,DucDJLMwULBcQLAaDwELAbDkyPJULMIyLiJ
mjln0_si1449,MiMytQwnDLMrJMwEIwLzTPOJLMrwIrBFcUwswKwPwDIwUagaLUwDwCcFlcLMrwJrQCrwJwUJUJ
mjln0_si2079,lClsDwLJBbLHlsnwItagJ
mjln0_si819,lswnrtaItJcwUwCaIBsyLDwPDLlnwDwywDBcBwLMIwJwLmyLbnDBnJwDwDCbEwNtwUwC
mjln0_sx189,lwJLMIGFyGywnQIytgercBsmwLMwPwCgamwLJ
mjln0_sx279,gbeBcJUwUlUwLhwBcwmByLkMcSrIrLASwlbeLMJNJMPLHrQvwKwDELvwUDFSrLUwy
mjln0_sx369,haLHsLHrmFQrlcQwQBwEFPCnwIFBQJU
mjln0_sx9,SnwrSrTPSnbBSySrcSnsnwsE
mjln0_sx99,CwLkyQtBJwJgmDySwULhHsJLMcaDEvgrIaILAMyPJ
mjmp0_si1535,vyLMInbDCDELBcCQBnJLMwPwULHyKOwLktsB
mjmp0_si1791,DFBFclcCbDScUDagLkMKiKcDNLvyQScDLkrLkvgegyLunbnLMgmncLSwNlwJLMIsCDwUr
mjmp0_si905,vwUaSrLhwLTvTbDLzwJwLMJLMsUnbtLMwLkcwQJtBcg
mjmp0_sx185,uvyPLzPLhbgsDyLAHaImrIgsFQrIFaBQtU
mjmp0_sx275,JLMyQarILhIgsLInbsbLAbKrICInrJLSnmr
mjmp0_sx365,lwLunDCwDCDLAnLMwUQwLMwCLAHaIrLnbnbnLMnsnCLHBGBGyDLMtwJNIyberU
mjmp0_sx5,KywJLMwnDrUlUwDgbPbC
mjmp0_sx95,vyLuvBagaDwUwDbeBwLuwsQmrKUwrLMIbLHcLABInbnLMgBeLQU
mklt0_si1213,CgeFeFcLDwLJLhHnInrwLJwUtLtFaBFBcQJwDLAHBrBFegcgCDU
mklt0_si1843,KPSPwUInsnmwytaIQrLuInmwQnDLirUcDLhwrIaLQcBLBcQrCFQFBLHaILD
mklt0_si583,QLQwJLSwyLAwDLJwQLHcNwnmwLAMABywDwJLMsbDQ
mklt0_sx133,HvwyLJwrIwywPrUwLADLQHwCDywtaILASwLuBPFLJz
mklt0_sx223,HOLNlcLhBwLicrLhOBaBaLMsLkBwcDlwLkrIFagaLz
mklt0_sx313,IuIatagagtBcBCUDlcLhaLJLScNtaILywLuPeDLt
mklt0_sx403,vcSaSaILkIrsFnLAMDJwJLMcQvFCBwywywJLArLJwCLhBnegBQUwDU
mklt0_sx43,nBLkwQBywLHByQtBSraFaQtcwDwLAJLAuBwPLkwLk
mlll0_si1363,JcmByULHwLATwBsKwDJLCsbnwQJcLCnIwnLHLclrKUwrJcSBScmwDQLhwLTPcJ
mlll0_si1993,KwLiKiyIswLAwC
mlll0_si733,kPFQFGLHcDELAKIsyEDErLAgwEDwDLMwChyLMJLMnJlNcC
mlll0_sx103,AaBaBcmDnsnsnLhwDBwDLJtIrLCnmwLABJwJLMcDLMJ
mlll0_sx13,JLSwyDETraICIwUvgUwLAbnD
mlll0_sx193,SagLhgaGnBcatNtNtBSwDTaFwKvPULCcgDE
mlll0_sx283,HBsbnDLkULHnwnrLkvOmLkcLaILurwUsKwDJLHcrIQBOcOLhHrtLAwDLzMiIFBF
mlll0_sx373,cLhaIywyDaCBFaFwUwJcLHIrLkJBwLAwDLHnB
mlnt0_si1574,tBgJLSaIDLlcIeDlwcLhFQcLQHBnDLMFBUwnwDSwLiMvyCaLlwsLlhaILHhIbnbLM
mlnt0_si1902,lcLHaBJwELuBFacQcJwLcrIbnbnbLM
mlnt0_si642,lnLHIaLJLtSarLMPLQJLMnbLHCBIbmrJLlnwcwcLinrvbDcLHaCQtbD
mlnt0_sx102,JLHbKDBLMbJtraIJwULInbJLATPvaJLMwLzwUJUJUtIrcCLAwLbCLHrJ
mlnt0_sx12,SaBSBaLhwDSnrnrsTnBFBlwnBy
mlnt0_sx192,JLkIavbLJLJcrIcrcrvamcrctbKwDLlkwKTyr
mlnt0_sx282,lwLMPNtNrnrIrIywytrLubabLMcwLAaCScDIaLzrJULMPNLtNwnBeLM
mlnt0_sx372,lbLkgLuIbrCsLAJnDLJLHNcgaFDBybLtLMrCnbLMJiJLMbamy
mnjm0_si1580,lyaBeBsyGJwbsbDLlNcvbeCcDynbnbDkLbwDvnUJLHaLtw
mnjm0_si2210,CaFeIyLNrDbLkIbcNJtSaLJtcBaeanBQCcr
mnjm0_si950,bJaLiMiMiLwnwnBScULhyaCLHaBcLMlMwnLAJcDvbLDFcDymcLlMntJclBcLAsKwDLgsCbNJNtNDwDLz
mnjm0_sx140,gbgbmrLAaBLMinBLHIamacLAJaIaDyQFByPlwJtIwQDmDmwmwnw
mnjm0_sx230,cBgegegaBySsvwrIrIrLhcIabJKLCBcBgUvaBvnIrQU
mnjm0_sx320,lcDlnIrwJnDcrLugaLAwLCsDaLhwPSwcNwPwCSaLAwELtlNwnwNJNlNcwDLJMJ
mnjm0_sx410,uIsLhgQUtIbctKLCnBLHyLiLSsLlNsCaIDwE
mnjm0_sx50,AbcecmcJLAIatwLAbLAcDaDCDwLAcaeLhbLAJLlDwswLuBbLlcLHFaIc
mpam0_si1189,syLtTwOFBFLucDUSrLAbLtiMrLmwCDLHwUwKwD
mpam0_si1819,vTPIPcLhkwUgJBwyLHcBySwNLScDvTPLzLHFBav
mpam0_si1961,lcJnLMwLMISIwLiLMwKrLiJzJLByQLnDywtnFBLlcLhIyNLHrDmcDwcwUcacLhIaIC
mpam0_sx109,KwJCBwLlMwDUJLhIsDLkrIbELAcBcDlwJLMyCLQJBFLH
mpam0_sx19,cBPFPwDwDCDJcQcSrLAwDatwDLhwtBwCUy
mpam0_sx199,TcFEDLiwBLmkrDLiPwmwQCarIrLkwLAJLHFKwLMcLMAwDLMPsPLzwUJLkMwUyUwUJ
mpam0_sx289,ScnlcwLHrQLucBaKwUrLQrTPJUtcBcwDJUJyaemcBcB
mpam0_sx379,HbCLkwLQNULkIaImwEBnJDUcCLNrUJULkMsPUJUJU
mtas1_si1473,TcFasymwnwDlctLvcDy
mtas1_si2098,vyLuyQCwKaILAvaILkBgbtwDBOLMwPwDvrDFwEByk
mtas1_si838,wswELAIyJwELMwCLhBFBacQDyPCLHIamwLkwQnBcBLCDcw
mtas1_sx118,tvcCLhgDaBlkyELuIwymywDLJLwDcBaILzLhB
mtas1_sx208,IaLhJnbLhgLlwcLHaLkwDLJLAubLiKLMLlwcwJLMIsLukuyJ
mtas1_sx28,lLhsELlnDLuIaILktrScDLunbacBcCLCLhcQLubnbJ
mtas1_sx298,gLkIclwDceLhglyKPyPUlwQCLhyFQrLiaIrLzLM
mtas1_sx388,vcrIgLvbwPFQLsLAJLSOwDmnQrlLlwLhnrQnLirLMInKDrLisDCLzwU
mtls0_si1370,SwCsJsQlwnwLvwJLHIcLQCcCScwULhkbgLDFQULMLClwLlHnLyvyIrwtTPULMIyLDCDw
mtls0_si2000,SyLAywELuTPmwLHwstwLkPwsLkvLvLvwyJtwLHsKwDBwsys
mtls0_si740,kPsPQSwNnenbLtwnDLJyLHMsLhBtBaBQJU
mtls0_sx110,lwcLhbJLMASBgLMcQCrnrDLwbnJLkMwJaQnwnLAJLMHrLHtHIaLhHhBcCDLJ
mtls0_sx20,KTwPcSaISaIQrLtNtyByJySOLhBOnDBcBFQtrIFaBU
mtls0_sx200,IbtLAwcDLMIFlwJLMaeBLHaILiKtIwDlcLHByPyLirU
mtls0_sx290,lwULHIrwrKrwJLHALAQwnwLwDtBCLMPtaILHrJLHnLMwDQlhFgr
mtls0_sx380,SgLiaILzCIcmDytrJnLiLhHhaILHwLzi
mwbt0_si1553,veSnQclcFBwmcrIyCBwysyLkaLhBnDLMwLhgJnQBLkFcUcwDBcLitMtIrcCJBcLHrFU
mwbt0_si2183,hQBOnLAJnctcFcKBDBDnLAJ
mwbt0_si923,MPwCwDynLAJLHrwLiJlwJLMInbDScUwDnFnQcmcLhFBFB
mwbt0_sx113,sCcJLATwBcrOnbLkcCnPcDLswULuOwLktaGTwQLQChbgbLA
mwbt0_sx203,lwLAacacacUSswynDLkwcLkcLhIcacLHBswsyLncnbLlNwcKnFaI
mwbt0_sx23,BFULCPQPUwKwDUvbCDCwDgULCBbgmagcQBcJBGBwy
mwbt0_sx293,lByULMsLNlNwUJULMrwPmyLMsLhOLABFaQNJLMcwQlwLAByDcwcUtcCDsysy
mwbt0_sx383,lwLAabLHwLABylrULKsnbnbwnDCLHBPLlmgeagrFaIrIyncDLMFcIFcaILk
mwew0_si1361,SOcmwDwJLScDJcnLKDcSwySnBFBLAcCDLkaFamwmrUJ
mwew0_si1991,BcFcNQyLHBSBIFCDwJLMIyLMJwDLAabJLMwCDUPwDCbJLAJLJLJwDnwnQwEcCLChaB
mwew0_si731,cQtvTyTwPUKUBwsmrlwLkFDELtwnBwD
mwew0_sx101,kwDwLurDLiKnFBFLmInwDLknLArIsLlnwrLASnJKrwDLJLtIFaBvBFeaBcLmsJU
mwew0_sx11,vyBcBerLInrBegs
mwew0_sx191,SwLkIaBtFDybLAPUsKwDUwSaSaDLMJU
mwew0_sx281,AaIrIywDLMIwKLHBOsLMnbLScLhwywLMiLhOaBUtvrIeFerIUJUJU
mwew0_sx371,InLDeCwDnbLHylwLhnJLMbgbtrLhwUDwJLCBCrLzwrU
